meter_id,timestamp,flow_rate_lps,total_flow_volume_m3,nighttime_flow_rate_lps,flow_rate_change_per_min,pressure_psi,min_pressure_24h_psi,leak_noise_score,acoustic_amplitude_db,vibration_frequency_hz,consumption_gal,zero_flow_duration_min,unusual_usage_flag,pipe_id,pipe_diameter_mm,pipe_material,pipe_age_years,coordinates_latlon,valve_status,valve_position_percent,pump_state,pump_flow_rate_lps,failure_type,repair_date,incident_latlon,repair_duration_hr,customer_id,monthly_usage_gal,bill_amount_usd,usage_baseline_gal
MTR-0006,2025-07-13 00:00:00,12.45,6425.0,2.81,-0.59,35.77,40.23,0.24,65.8,2908.1,2.11,246,0,P-00000,200,Ductile Iron,28,"37.837975, -122.119855",Open,72.2,OFF,12.36,none,2023-05-24,"37.845024, -122.174525",11.5,CUST-8727,2301.45,31.71,1875.56
MTR-0003,2025-07-13 01:00:00,11.42,3438.6,1.92,-0.35,42.17,41.7,0.65,58.8,2442.8,8.63,7,0,P-00001,150,PVC,13,"37.839209, -122.12492300000001",Partial,4.0,ON,58.07,none,2023-06-05,"37.835188, -122.12943800000001",3.6,CUST-1920,2733.64,72.82,1461.47
MTR-0007,2025-07-13 02:00:00,9.14,2198.7,2.07,0.82,50.82,44.3,0.81,56.4,2725.8,4.01,140,0,P-00002,100,Ductile Iron,39,"37.812549, -122.12272300000001",Partial,40.5,OFF,43.96,none,2023-02-12,"37.852155, -122.187535",7.9,CUST-5920,2787.95,32.69,1582.39
MTR-0004,2025-07-13 03:00:00,13.2,1685.8,2.63,0.39,40.35,40.32,0.61,57.6,1004.2,2.93,7,0,P-00003,200,Ductile Iron,24,"37.823693, -122.132261",Open,51.6,ON,41.57,none,2023-07-05,"37.896141, -122.136409",6.2,CUST-3418,2839.59,79.25,2544.54
MTR-0006,2025-07-13 04:00:00,12.56,9464.8,0.77,-0.16,41.1,40.81,0.86,65.3,2435.1,1.52,93,0,P-00004,100,PVC,41,"37.856578, -122.10708600000001",Open,58.1,ON,23.53,blockage,2023-11-15,"37.876587, -122.192079",10.6,CUST-7475,1189.7,68.25,1151.05
MTR-0009,2025-07-13 05:00:00,15.37,4749.8,1.42,-1.7,48.2,35.9,0.39,70.2,2659.2,2.66,38,0,P-00005,100,PVC,46,"37.838732, -122.193383",Open,93.6,OFF,22.44,none,2022-12-27,"37.804706, -122.198055",4.0,CUST-3017,2088.25,82.26,2655.16
MTR-0002,2025-07-13 06:00:00,11.7,6230.5,2.67,-1.69,47.01,42.18,0.96,53.4,1081.1,0.22,80,1,P-00006,100,Copper,21,"37.801916, -122.11731400000001",Closed,67.2,OFF,57.1,none,2025-06-03,"37.818879, -122.158559",1.0,CUST-8957,2481.02,21.0,1855.34
MTR-0006,2025-07-13 07:00:00,9.51,9272.6,2.23,-1.99,48.45,39.0,0.13,54.5,2743.2,5.83,186,0,P-00007,150,Steel,35,"37.852474, -122.122476",Partial,48.1,ON,24.91,leak,2023-10-03,"37.893583, -122.15429400000001",2.8,CUST-5792,2513.85,39.48,2192.13
MTR-0007,2025-07-13 08:00:00,9.57,1744.7,1.83,1.87,39.18,44.77,0.1,59.2,1513.4,8.42,83,0,P-00008,100,Steel,12,"37.823443, -122.165492",Open,81.0,OFF,48.78,none,2025-05-19,"37.829026, -122.143806",4.8,CUST-7830,2213.43,69.13,1179.3
MTR-0004,2025-07-13 09:00:00,4.2,8890.0,3.42,-1.98,57.82,43.23,0.66,60.6,2330.6,5.49,87,0,P-00009,200,PVC,19,"37.80301, -122.103851",Partial,95.1,ON,29.66,none,2022-10-31,"37.811193, -122.139049",4.5,CUST-3434,1333.57,115.05,1674.72
MTR-0003,2025-07-13 10:00:00,10.45,5964.3,3.27,-1.59,38.92,40.22,0.94,63.9,2600.7,2.19,241,0,P-00000,100,PVC,35,"37.866787, -122.106679",Closed,2.2,ON,16.96,none,2024-04-19,"37.856843, -122.120801",9.7,CUST-3868,2594.84,58.36,1179.4
MTR-0007,2025-07-13 11:00:00,9.95,2483.5,1.17,-0.74,45.77,36.23,0.81,55.5,2325.3,0.34,92,0,P-00001,200,Ductile Iron,34,"37.82655, -122.13885400000001",Closed,98.3,ON,10.54,none,2023-08-21,"37.898669, -122.174913",8.5,CUST-2438,2440.22,62.44,2923.09
MTR-0007,2025-07-13 12:00:00,6.01,4701.3,4.01,1.23,44.21,43.59,0.08,54.7,1184.6,2.15,85,0,P-00002,100,Copper,24,"37.86785, -122.168245",Open,8.6,OFF,37.21,none,2024-11-05,"37.850966, -122.10911300000001",4.3,CUST-4543,1172.27,91.47,2614.52
MTR-0002,2025-07-13 13:00:00,9.92,7998.4,2.48,1.85,39.07,43.0,0.28,60.7,2192.6,4.16,43,0,P-00003,200,Copper,43,"37.884811, -122.105284",Open,81.4,ON,58.79,burst,2023-02-12,"37.878519, -122.151259",6.0,CUST-2781,1927.62,80.38,1919.27
MTR-0005,2025-07-13 14:00:00,14.03,5323.3,3.47,1.16,43.15,36.85,0.93,58.7,2099.2,7.6,136,0,P-00004,200,PVC,16,"37.888486, -122.126093",Partial,28.0,OFF,28.46,none,2024-02-04,"37.894537, -122.194276",2.1,CUST-7343,1347.95,49.89,1447.21
MTR-0004,2025-07-13 15:00:00,7.8,9867.6,2.79,0.76,45.12,37.95,0.25,64.6,2800.6,1.88,73,0,P-00005,100,Ductile Iron,21,"37.827746, -122.17183800000001",Open,13.2,ON,27.86,none,2024-10-20,"37.8931, -122.19494900000001",10.9,CUST-3263,1674.95,61.08,2866.91
MTR-0001,2025-07-13 16:00:00,7.12,4390.7,4.49,0.09,41.75,42.93,0.78,62.4,1808.5,7.2,35,0,P-00006,100,Ductile Iron,46,"37.896336, -122.198972",Partial,44.0,OFF,27.2,blockage,2024-10-20,"37.85473, -122.110956",11.3,CUST-1211,1036.16,41.77,1689.19
MTR-0007,2025-07-13 17:00:00,13.31,7746.2,3.51,-1.65,49.69,36.85,0.83,62.8,1642.2,8.67,100,1,P-00007,200,Steel,34,"37.871605, -122.129375",Open,64.4,OFF,36.03,none,2024-11-07,"37.826272, -122.152775",11.8,CUST-9699,1800.66,116.6,1321.97
MTR-0005,2025-07-13 18:00:00,11.9,4536.9,3.33,1.83,44.19,44.18,0.5,59.5,2499.7,4.54,155,0,P-00008,250,Steel,33,"37.862269, -122.100989",Partial,38.1,ON,32.03,none,2024-02-13,"37.832433, -122.104786",10.6,CUST-7159,2099.75,33.06,2126.33
MTR-0001,2025-07-13 19:00:00,19.18,8462.5,3.61,1.03,38.29,39.25,0.39,71.8,1825.4,8.21,254,0,P-00009,150,Ductile Iron,23,"37.831188, -122.166003",Partial,5.5,OFF,54.0,none,2022-11-21,"37.882365, -122.12910000000001",2.9,CUST-8027,2239.17,57.18,2887.55
MTR-0004,2025-07-13 20:00:00,6.04,6121.7,1.07,0.56,37.87,35.87,0.45,55.8,2292.2,5.55,170,0,P-00000,250,Steel,15,"37.807894, -122.15572",Partial,59.9,ON,35.28,burst,2024-03-10,"37.858763, -122.117941",1.5,CUST-1331,2326.98,22.58,1007.66
MTR-0000,2025-07-13 21:00:00,12.16,1571.6,1.32,1.04,48.03,43.16,0.23,63.1,2292.9,6.37,215,1,P-00001,250,PVC,38,"37.826105, -122.165661",Partial,90.2,ON,35.39,none,2023-08-21,"37.839227, -122.15524500000001",7.4,CUST-7860,2672.58,42.18,1476.25
MTR-0009,2025-07-13 22:00:00,10.95,1331.4,3.36,0.9,37.57,38.74,0.89,53.7,2776.1,5.26,169,0,P-00002,100,Ductile Iron,11,"37.883457, -122.106452",Closed,38.3,ON,16.92,none,2023-09-18,"37.873, -122.164225",11.0,CUST-9044,1430.93,98.05,2876.9
MTR-0005,2025-07-13 23:00:00,10.18,2204.7,2.48,0.55,46.58,40.26,0.45,54.6,2197.4,4.63,251,0,P-00003,150,Steel,48,"37.818573, -122.162749",Partial,21.6,ON,59.14,leak,2025-01-21,"37.80639, -122.192567",3.0,CUST-9169,1240.96,40.12,1342.17
MTR-0008,2025-07-13 00:00:00,12.73,1123.0,3.52,1.92,47.22,36.12,0.88,57.0,2004.3,2.35,54,0,P-00004,250,Copper,38,"37.892863, -122.193819",Open,44.3,ON,22.5,none,2024-12-07,"37.811536, -122.113032",1.1,CUST-9742,2703.07,28.01,1226.49
MTR-0000,2025-07-13 01:00:00,9.91,1678.2,0.91,1.61,40.02,35.03,0.11,68.1,1277.7,3.03,90,0,P-00005,100,Ductile Iron,24,"37.809236, -122.183721",Closed,4.8,OFF,13.67,none,2024-10-02,"37.847223, -122.12871200000001",9.9,CUST-6720,1313.23,67.45,2140.37
MTR-0009,2025-07-13 02:00:00,4.19,7225.4,2.65,0.59,49.45,41.38,0.99,61.3,1231.5,2.9,277,0,P-00006,250,Ductile Iron,42,"37.859521, -122.18495300000001",Closed,82.0,ON,43.16,leak,2025-04-07,"37.839291, -122.17412900000001",1.8,CUST-1727,2949.52,21.0,2723.69
MTR-0002,2025-07-13 03:00:00,7.46,5809.1,2.02,0.77,36.41,40.15,0.44,57.0,1308.6,5.63,100,0,P-00007,250,Copper,28,"37.896808, -122.15532900000001",Partial,82.6,OFF,39.77,none,2023-10-07,"37.834719, -122.120582",5.6,CUST-5975,2685.08,28.48,1954.22
MTR-0006,2025-07-13 04:00:00,14.09,7749.2,2.33,-1.79,46.48,40.94,0.05,61.9,1343.7,1.2,154,0,P-00008,100,PVC,14,"37.850152, -122.175334",Closed,58.8,OFF,30.76,none,2024-07-13,"37.862522, -122.10623600000001",8.5,CUST-4243,2001.75,100.76,2989.13
MTR-0003,2025-07-13 05:00:00,13.52,9218.5,2.92,0.68,44.8,42.94,0.04,60.2,2275.8,9.17,140,0,P-00009,100,Copper,36,"37.847096, -122.133809",Partial,35.3,ON,31.11,burst,2023-08-13,"37.86797, -122.142982",3.6,CUST-1648,2962.84,97.15,2358.34
MTR-0008,2025-07-13 06:00:00,8.88,6266.3,2.51,-1.82,44.41,41.47,0.75,57.5,2482.0,7.21,172,0,P-00000,100,Ductile Iron,19,"37.875118, -122.124613",Open,80.0,OFF,49.25,none,2023-03-16,"37.86102, -122.105763",1.9,CUST-6095,1194.75,111.51,1148.15
MTR-0002,2025-07-13 07:00:00,11.51,7535.1,2.66,0.35,39.11,36.75,0.66,53.0,2060.0,4.01,9,0,P-00001,150,PVC,41,"37.857789, -122.109564",Partial,55.5,ON,19.79,none,2023-01-22,"37.87882, -122.197596",9.5,CUST-7614,1606.13,105.45,2985.66
MTR-0004,2025-07-13 08:00:00,18.35,7813.7,2.45,2.0,40.31,38.61,0.8,67.2,2658.0,1.59,227,0,P-00002,250,Steel,24,"37.881741, -122.124295",Closed,82.6,OFF,51.01,leak,2024-05-01,"37.853414, -122.13116600000001",7.9,CUST-8135,2276.45,88.32,1815.79
MTR-0002,2025-07-13 09:00:00,9.91,4400.7,2.14,0.22,53.09,44.06,0.11,61.0,2982.5,8.82,264,0,P-00003,100,Steel,7,"37.805561, -122.199312",Open,63.1,OFF,42.44,leak,2024-08-18,"37.87487, -122.178686",11.9,CUST-2009,1700.01,25.23,1574.81
MTR-0006,2025-07-13 10:00:00,9.97,3169.8,3.59,-0.11,51.08,42.7,0.04,70.9,2640.0,8.24,247,0,P-00004,200,Steel,41,"37.821245, -122.13364800000001",Partial,78.4,OFF,30.95,none,2022-12-19,"37.886718, -122.104416",4.8,CUST-2550,2856.75,98.28,2115.76
MTR-0004,2025-07-13 11:00:00,10.57,2845.4,0.55,-0.75,48.71,40.57,0.51,64.7,2389.8,7.22,246,1,P-00005,250,Ductile Iron,44,"37.84112, -122.15975900000001",Open,59.9,ON,32.9,none,2023-10-21,"37.823672, -122.111738",1.7,CUST-9995,1131.25,104.55,1608.62
MTR-0008,2025-07-13 12:00:00,11.82,3263.0,2.89,-1.52,49.7,37.56,0.39,62.8,2065.0,2.72,154,0,P-00006,200,Copper,12,"37.888459, -122.110444",Open,41.4,OFF,22.83,none,2024-06-22,"37.809698, -122.194429",9.1,CUST-8492,2098.82,99.91,1172.92
MTR-0006,2025-07-13 13:00:00,8.95,3472.6,2.76,0.92,49.23,38.02,0.46,57.8,1897.7,4.02,33,0,P-00007,150,PVC,44,"37.890918, -122.168612",Closed,95.8,ON,47.61,none,2024-10-01,"37.812922, -122.194226",6.7,CUST-4401,2181.73,70.85,1002.86
MTR-0001,2025-07-13 14:00:00,11.82,2865.0,3.36,-1.23,43.38,42.32,0.99,54.5,1168.8,1.03,128,0,P-00008,100,Steel,48,"37.869106, -122.172837",Open,54.1,OFF,35.64,none,2024-06-26,"37.884501, -122.194095",3.3,CUST-8447,2305.46,43.29,1899.17
MTR-0003,2025-07-13 15:00:00,4.17,8904.0,2.9,-1.54,45.24,43.51,0.97,58.9,1798.7,1.89,159,1,P-00009,200,PVC,27,"37.819061, -122.181537",Closed,60.5,OFF,26.04,none,2023-06-13,"37.827166, -122.18962400000001",9.6,CUST-6424,1511.33,104.53,2673.73
MTR-0008,2025-07-13 16:00:00,11.01,7813.0,3.81,-0.31,37.64,41.71,0.94,54.4,2820.3,7.83,88,0,P-00000,150,Ductile Iron,44,"37.834211, -122.157004",Open,22.0,OFF,39.8,none,2024-01-10,"37.829542, -122.190944",3.2,CUST-5241,1729.13,92.72,2144.63
MTR-0001,2025-07-13 17:00:00,10.15,1422.1,4.34,1.18,44.55,43.1,0.78,63.3,2616.0,7.15,92,0,P-00001,100,Steel,15,"37.883095, -122.188011",Partial,62.6,OFF,59.79,none,2024-01-07,"37.8668, -122.186667",3.9,CUST-4161,2687.36,118.08,2998.41
MTR-0009,2025-07-13 18:00:00,9.35,3418.1,1.87,0.98,50.92,42.67,0.35,68.2,1432.1,5.93,240,0,P-00002,200,Ductile Iron,12,"37.873493, -122.146855",Open,57.2,ON,31.76,none,2023-02-28,"37.885185, -122.118281",2.0,CUST-5155,1389.89,35.57,1573.69
MTR-0008,2025-07-13 19:00:00,8.57,1199.7,1.41,-1.78,41.7,36.5,0.41,58.7,1933.2,8.96,116,0,P-00003,200,Copper,33,"37.828795, -122.150718",Partial,18.5,ON,56.03,none,2022-11-07,"37.801366, -122.110427",5.4,CUST-8478,2653.74,42.57,1560.91
MTR-0009,2025-07-13 20:00:00,8.17,5483.5,2.19,-0.18,50.12,39.24,0.55,64.7,2633.4,5.83,93,0,P-00004,150,Ductile Iron,34,"37.829994, -122.140392",Partial,6.0,OFF,27.25,none,2023-05-20,"37.802894, -122.176035",5.6,CUST-9719,2125.31,41.18,1319.5
MTR-0004,2025-07-13 21:00:00,7.56,5285.9,1.65,0.09,45.46,36.53,0.83,56.6,1134.8,4.67,162,0,P-00005,100,Ductile Iron,14,"37.843384, -122.183559",Open,60.4,OFF,12.74,none,2023-07-21,"37.803239, -122.166416",6.7,CUST-7617,2524.38,99.25,1328.13
MTR-0001,2025-07-13 22:00:00,3.05,8482.3,2.96,0.58,38.07,37.35,0.07,58.5,1774.8,3.4,98,0,P-00006,100,Copper,43,"37.811658, -122.14533",Partial,76.4,ON,20.21,none,2024-09-03,"37.851387, -122.12033600000001",8.8,CUST-6660,2427.21,38.69,1570.37
MTR-0003,2025-07-13 23:00:00,9.2,3770.0,4.15,0.6,39.46,43.69,0.42,55.9,2703.7,9.4,112,1,P-00007,200,PVC,32,"37.890241, -122.165604",Open,52.3,ON,30.93,none,2024-08-06,"37.833798, -122.129451",11.0,CUST-9624,1415.02,26.67,2585.68
MTR-0006,2025-07-13 00:00:00,13.29,8347.5,1.06,-0.54,49.6,39.73,0.08,49.3,1807.8,0.83,90,0,P-00008,200,Copper,40,"37.8733, -122.134134",Open,22.7,ON,20.98,none,2025-03-07,"37.81875, -122.12494000000001",2.5,CUST-2176,2137.63,119.86,2811.51
MTR-0007,2025-07-13 01:00:00,8.99,9711.8,0.9,0.24,47.76,40.35,0.51,59.8,1155.2,9.31,205,0,P-00009,200,Copper,17,"37.893155, -122.117902",Partial,66.7,ON,10.01,none,2024-11-29,"37.8236, -122.185646",1.6,CUST-8956,2735.45,22.48,2950.17
MTR-0002,2025-07-13 02:00:00,11.91,1795.7,1.52,-0.08,45.51,36.78,0.9,60.6,2085.1,8.27,16,0,P-00000,100,Ductile Iron,36,"37.856661, -122.134297",Partial,8.0,OFF,55.75,blockage,2024-02-18,"37.818541, -122.181794",1.2,CUST-9592,1864.23,103.52,1464.58
MTR-0000,2025-07-13 03:00:00,6.76,8126.4,3.4,1.54,43.63,38.12,0.78,65.3,2723.5,1.3,273,0,P-00001,150,PVC,40,"37.889839, -122.160048",Closed,44.2,OFF,52.19,none,2023-01-18,"37.851286, -122.11552",2.6,CUST-3233,2933.18,56.54,2762.6
MTR-0003,2025-07-13 04:00:00,6.08,6309.6,2.87,0.12,46.05,37.3,0.23,64.0,2180.6,5.65,172,0,P-00002,150,Steel,41,"37.832679, -122.198919",Partial,16.3,ON,47.11,blockage,2024-10-31,"37.807961, -122.129304",8.2,CUST-5700,1904.43,104.16,1656.51
MTR-0001,2025-07-13 05:00:00,7.75,5320.4,0.91,-0.24,49.4,37.06,0.98,64.0,1452.6,8.67,115,0,P-00003,100,Copper,30,"37.882655, -122.119902",Closed,18.4,ON,18.39,none,2023-02-20,"37.865435, -122.112748",9.0,CUST-6906,1285.57,75.46,1225.68
MTR-0007,2025-07-13 06:00:00,6.92,4784.8,4.18,-0.38,52.38,41.38,0.67,55.1,1768.5,5.72,180,0,P-00004,250,PVC,26,"37.810445, -122.142314",Partial,20.2,ON,16.02,none,2023-10-08,"37.824415, -122.154989",9.7,CUST-8860,1778.87,110.16,2740.05
MTR-0003,2025-07-13 07:00:00,6.45,8062.0,3.66,0.29,52.62,37.57,0.01,62.3,1900.2,9.07,90,0,P-00005,150,Copper,8,"37.846398, -122.188129",Open,38.7,ON,13.38,leak,2023-10-05,"37.892583, -122.134001",3.7,CUST-8526,2903.4,112.62,2272.21
MTR-0001,2025-07-13 08:00:00,11.35,6754.3,0.59,1.22,46.86,41.32,0.26,67.9,2158.5,9.43,81,1,P-00006,200,Copper,35,"37.898057, -122.17853000000001",Partial,5.1,ON,46.2,none,2024-06-14,"37.838877, -122.186859",4.4,CUST-6559,1639.44,20.91,1329.46
MTR-0005,2025-07-13 09:00:00,15.34,8245.4,3.11,0.15,44.14,35.58,0.26,61.9,2518.7,4.22,113,0,P-00007,250,Copper,22,"37.806723, -122.14051500000001",Open,39.8,ON,56.44,none,2024-06-11,"37.826249, -122.141878",6.3,CUST-7732,2736.2,27.54,1859.66
MTR-0005,2025-07-13 10:00:00,8.0,9128.4,3.58,0.65,45.73,36.42,0.07,69.1,1197.7,3.77,256,0,P-00008,250,Copper,42,"37.873887, -122.19675600000001",Open,51.2,OFF,31.53,none,2023-11-22,"37.871817, -122.18755800000001",1.7,CUST-3513,2762.5,45.04,1574.52
MTR-0009,2025-07-13 11:00:00,4.92,6555.4,2.0,0.95,47.61,37.75,0.96,70.1,2779.3,9.36,57,1,P-00009,150,Ductile Iron,28,"37.865872, -122.146771",Open,48.3,OFF,15.96,none,2023-11-02,"37.85996, -122.144965",7.7,CUST-8830,1700.37,86.93,2473.59
MTR-0003,2025-07-13 12:00:00,11.97,9824.2,0.78,0.08,47.59,40.97,0.48,58.7,1024.6,6.75,153,0,P-00000,250,PVC,27,"37.810327, -122.182748",Closed,38.3,OFF,35.62,none,2025-03-31,"37.851396, -122.130988",11.8,CUST-7944,1166.52,108.83,1906.83
MTR-0005,2025-07-13 13:00:00,5.69,6472.8,0.81,-0.29,51.54,41.76,0.9,56.5,1740.1,1.16,115,0,P-00001,250,PVC,26,"37.856797, -122.170364",Partial,83.9,ON,27.44,none,2025-05-03,"37.883745, -122.16770100000001",5.0,CUST-8910,2449.12,65.99,2978.56
MTR-0001,2025-07-13 14:00:00,6.45,6729.8,0.92,1.51,55.58,39.43,0.32,56.2,1054.8,0.42,265,0,P-00002,150,PVC,6,"37.893832, -122.118126",Open,14.5,ON,28.74,none,2024-04-18,"37.888901, -122.183937",9.3,CUST-6649,1623.02,80.7,1109.49
MTR-0009,2025-07-13 15:00:00,11.48,5993.3,3.86,-0.33,43.97,39.46,0.13,52.4,1785.9,5.65,202,0,P-00003,150,Copper,35,"37.898357, -122.17403300000001",Open,50.6,ON,41.07,none,2023-03-01,"37.817302, -122.173323",6.5,CUST-2096,2565.85,38.85,1710.03
MTR-0001,2025-07-13 16:00:00,9.5,1819.0,4.14,-0.15,55.78,42.25,0.47,57.4,2051.6,9.3,40,0,P-00004,250,Ductile Iron,15,"37.896972, -122.15687700000001",Closed,6.2,OFF,45.94,blockage,2024-12-15,"37.811953, -122.176968",2.4,CUST-2951,1885.31,100.5,1963.8
MTR-0009,2025-07-13 17:00:00,7.94,7537.6,0.99,1.96,50.86,35.16,0.11,66.0,2023.4,8.44,104,0,P-00005,200,Copper,32,"37.834752, -122.194965",Partial,7.1,ON,15.53,none,2023-12-17,"37.810641, -122.117825",7.4,CUST-8799,1970.53,116.73,2006.27
MTR-0003,2025-07-13 18:00:00,10.21,5927.0,1.44,-2.0,44.5,38.41,0.49,49.0,1331.3,6.76,192,0,P-00006,100,Copper,36,"37.805277, -122.130799",Partial,57.4,ON,11.78,none,2025-04-04,"37.813897, -122.12527",4.3,CUST-9804,2555.82,46.86,1631.87
MTR-0007,2025-07-13 19:00:00,8.77,5058.2,1.16,-1.26,52.49,43.19,0.92,54.8,2291.5,1.39,277,0,P-00007,250,PVC,9,"37.845793, -122.17734800000001",Closed,56.6,OFF,59.72,leak,2023-11-24,"37.804791, -122.105148",1.4,CUST-1595,1764.73,69.48,2458.48
MTR-0006,2025-07-13 20:00:00,15.67,9194.2,1.25,-0.46,53.43,41.03,0.52,59.4,1089.6,2.54,236,0,P-00008,250,Copper,42,"37.861397, -122.17471400000001",Closed,87.8,ON,21.64,none,2025-03-01,"37.871116, -122.19932",8.0,CUST-8875,1886.25,28.61,2749.49
MTR-0008,2025-07-13 21:00:00,7.97,3681.6,3.85,1.73,42.7,38.37,0.62,55.6,2523.8,8.76,220,0,P-00009,200,Steel,14,"37.857763, -122.164079",Partial,55.8,OFF,12.69,none,2024-11-26,"37.876386, -122.14859200000001",10.4,CUST-5439,1752.38,75.91,2877.44
MTR-0007,2025-07-13 22:00:00,7.26,5712.4,1.83,-1.72,53.66,44.06,0.16,57.4,2893.3,1.83,67,0,P-00000,250,Copper,44,"37.882355, -122.11793",Closed,96.0,OFF,19.49,none,2025-03-05,"37.877937, -122.14775",4.8,CUST-6972,1734.68,70.28,2610.19
MTR-0004,2025-07-13 23:00:00,8.63,7278.8,1.75,-1.96,50.38,42.73,0.04,57.4,1679.5,2.78,196,1,P-00001,250,Steel,28,"37.847735, -122.164918",Partial,4.9,ON,11.95,none,2023-05-08,"37.864102, -122.121367",5.3,CUST-1858,2051.89,34.44,2701.16
MTR-0001,2025-07-13 00:00:00,8.76,8168.2,1.41,-1.79,56.84,37.65,0.11,58.7,2034.5,1.3,255,0,P-00002,100,Copper,39,"37.836256, -122.119429",Partial,9.8,OFF,29.59,none,2024-08-11,"37.840511, -122.199729",10.8,CUST-6519,2617.6,64.21,2101.09
MTR-0004,2025-07-13 01:00:00,11.79,5134.1,2.93,-1.65,42.88,41.45,0.6,56.4,1757.8,6.76,138,0,P-00003,100,Ductile Iron,48,"37.832818, -122.179094",Open,4.4,ON,50.12,none,2023-11-06,"37.884995, -122.161911",9.9,CUST-8385,1723.54,53.41,2651.78
MTR-0007,2025-07-13 02:00:00,4.03,8578.8,2.02,-1.85,43.23,40.96,0.1,55.9,1013.4,9.44,148,0,P-00004,100,Ductile Iron,27,"37.808469, -122.15333100000001",Open,18.5,OFF,27.06,blockage,2023-08-01,"37.849604, -122.199223",8.9,CUST-9636,2048.51,72.18,1607.01
MTR-0009,2025-07-13 03:00:00,11.28,7920.3,3.48,-0.08,34.87,39.01,0.38,64.7,1771.7,2.69,98,0,P-00005,150,PVC,21,"37.848213, -122.115909",Partial,54.1,ON,32.21,none,2024-06-02,"37.849209, -122.10135100000001",3.7,CUST-5317,2341.45,78.57,1796.96
MTR-0008,2025-07-13 04:00:00,8.38,1596.1,1.32,0.32,47.86,38.67,0.55,65.2,2583.4,4.75,75,1,P-00006,150,Copper,5,"37.822124, -122.161901",Partial,64.6,OFF,43.78,none,2023-08-29,"37.827827, -122.160458",11.0,CUST-4454,1538.88,20.85,1633.83
MTR-0008,2025-07-13 05:00:00,12.33,1412.8,3.65,-0.91,46.88,38.44,0.39,53.1,2192.0,6.34,281,0,P-00007,100,Steel,35,"37.880841, -122.117638",Partial,4.6,ON,35.44,none,2023-08-06,"37.868719, -122.118521",2.7,CUST-2030,1555.05,96.1,1934.77
MTR-0000,2025-07-13 06:00:00,9.86,6587.3,2.91,-0.41,42.19,41.17,0.16,46.2,1202.5,9.99,108,0,P-00008,100,Steel,35,"37.838461, -122.154088",Partial,94.6,OFF,53.07,none,2024-05-11,"37.841739, -122.169033",7.9,CUST-8906,2866.83,91.3,1571.16
MTR-0008,2025-07-13 07:00:00,11.56,4126.7,0.96,-1.63,44.59,39.42,0.27,65.3,2694.3,1.05,187,0,P-00009,150,Copper,46,"37.830329, -122.106745",Partial,84.2,OFF,53.3,leak,2023-05-03,"37.893783, -122.13228600000001",1.3,CUST-2447,2447.07,56.63,2923.22
MTR-0006,2025-07-13 08:00:00,8.83,2882.2,2.16,-0.65,38.44,43.32,0.93,53.9,2062.2,4.99,198,0,P-00000,200,Steel,46,"37.811864, -122.10662500000001",Partial,29.7,OFF,10.5,none,2024-11-05,"37.811902, -122.193107",8.1,CUST-3850,2154.37,25.29,1625.69
MTR-0008,2025-07-13 09:00:00,11.31,6216.8,3.95,0.09,50.99,41.7,0.68,61.1,2683.4,3.85,153,0,P-00001,250,Ductile Iron,38,"37.868387, -122.146843",Closed,7.7,ON,48.9,none,2023-10-28,"37.848355, -122.177991",4.0,CUST-9106,2295.44,95.49,1196.09
MTR-0007,2025-07-13 10:00:00,14.99,4074.1,4.19,0.93,42.55,35.7,0.5,52.2,2160.4,8.66,39,1,P-00002,250,Steel,13,"37.803266, -122.15244",Partial,17.0,ON,33.04,leak,2024-12-14,"37.825398, -122.11223100000001",5.9,CUST-8151,1058.6,115.52,2053.63
MTR-0000,2025-07-13 11:00:00,7.78,5835.4,2.36,-1.99,60.47,41.4,0.01,66.5,2119.4,4.76,132,0,P-00003,100,PVC,26,"37.840775, -122.183878",Closed,12.7,OFF,59.44,none,2024-08-11,"37.808957, -122.12846400000001",4.8,CUST-7952,2236.21,44.02,1114.2
MTR-0007,2025-07-13 12:00:00,9.68,5141.1,2.42,-0.13,44.12,37.71,0.99,72.7,1210.5,1.11,131,0,P-00004,200,Ductile Iron,17,"37.865641, -122.102885",Closed,12.3,ON,34.16,none,2024-01-09,"37.827114, -122.12396700000001",2.9,CUST-5055,2019.02,52.35,1221.09
MTR-0007,2025-07-13 13:00:00,8.54,6262.9,4.17,-0.81,41.2,40.93,0.67,60.9,1334.7,6.34,278,0,P-00005,150,Ductile Iron,29,"37.856219, -122.128525",Partial,51.9,OFF,59.34,none,2024-05-14,"37.872241, -122.199261",7.8,CUST-6402,2091.5,38.38,1438.78
MTR-0002,2025-07-13 14:00:00,14.78,4602.7,2.85,1.41,42.94,41.8,0.32,59.5,2944.1,7.71,83,0,P-00006,100,Ductile Iron,22,"37.806845, -122.15823300000001",Partial,24.6,ON,47.73,leak,2025-06-10,"37.850914, -122.186068",10.7,CUST-2672,1718.85,77.69,1928.7
MTR-0000,2025-07-13 15:00:00,8.7,7279.0,0.63,0.86,37.94,37.31,0.88,58.4,1457.0,0.03,241,0,P-00007,200,Copper,16,"37.811636, -122.13872",Closed,35.8,OFF,22.43,none,2023-02-02,"37.886623, -122.112841",11.5,CUST-5532,1162.95,35.48,1866.5
MTR-0007,2025-07-13 16:00:00,7.8,2620.6,4.15,0.36,47.41,39.57,0.26,63.9,2954.9,8.59,115,0,P-00008,200,Copper,44,"37.893848, -122.13382200000001",Closed,99.0,ON,36.92,leak,2022-12-13,"37.841835, -122.15556000000001",3.1,CUST-5924,1386.68,55.62,2599.38
MTR-0002,2025-07-13 17:00:00,8.27,7268.5,1.49,-0.89,42.9,36.9,0.54,62.8,2063.8,1.86,108,0,P-00009,200,Ductile Iron,21,"37.80768, -122.164533",Partial,68.4,OFF,59.61,none,2023-02-17,"37.830328, -122.128339",8.9,CUST-7085,2901.49,89.7,2478.95
MTR-0002,2025-07-13 18:00:00,9.59,4705.0,2.81,1.64,50.66,35.52,0.64,65.0,1271.6,5.52,220,0,P-00000,150,Copper,19,"37.855066, -122.159679",Partial,94.9,OFF,52.88,none,2023-04-02,"37.835866, -122.173221",8.3,CUST-8734,1817.4,76.01,1852.64
MTR-0000,2025-07-13 19:00:00,7.62,8868.9,1.16,-1.82,43.63,38.78,0.22,56.9,1198.6,4.16,40,0,P-00001,150,Steel,46,"37.883364, -122.118533",Closed,14.3,OFF,14.87,leak,2024-09-06,"37.843223, -122.19085100000001",4.8,CUST-5864,1933.37,58.65,1667.41
MTR-0004,2025-07-13 20:00:00,8.89,5637.1,0.64,-1.56,51.92,38.63,0.98,61.7,1417.7,7.2,146,0,P-00002,250,Copper,19,"37.861183, -122.162654",Closed,38.2,OFF,45.32,none,2024-11-11,"37.87466, -122.19874",1.2,CUST-2221,1105.42,62.02,1632.94
MTR-0009,2025-07-13 21:00:00,10.47,9758.0,1.75,-0.43,48.79,44.95,0.75,57.3,2851.3,3.71,111,0,P-00003,250,Copper,19,"37.825534, -122.189413",Closed,55.5,ON,27.28,none,2023-10-13,"37.864449, -122.181714",8.6,CUST-3860,1075.13,76.21,2547.99
MTR-0006,2025-07-13 22:00:00,9.65,6417.4,3.62,-1.5,45.14,39.46,0.56,54.7,1828.3,8.7,102,0,P-00004,200,Ductile Iron,43,"37.83549, -122.158683",Open,7.7,OFF,10.35,none,2024-04-20,"37.82324, -122.136437",11.4,CUST-9428,2434.36,20.59,1104.14
MTR-0009,2025-07-13 23:00:00,12.5,3014.6,1.61,1.83,52.9,38.34,0.18,59.8,1790.9,7.3,45,0,P-00005,200,PVC,17,"37.867582, -122.134184",Closed,0.4,ON,30.17,none,2025-03-05,"37.899294, -122.122228",8.0,CUST-4253,2076.19,27.85,1025.64
MTR-0008,2025-07-13 00:00:00,9.04,8396.1,1.38,1.19,49.76,40.8,0.05,55.4,1626.4,6.48,270,0,P-00006,150,PVC,21,"37.807011, -122.16047400000001",Open,67.0,ON,21.74,none,2022-10-25,"37.822584, -122.182398",5.8,CUST-4782,2017.41,108.13,2591.09
MTR-0006,2025-07-13 01:00:00,9.39,4105.7,1.35,-0.96,59.73,35.89,0.32,65.9,1294.1,7.96,194,0,P-00007,250,PVC,36,"37.818178, -122.184319",Partial,64.2,OFF,50.94,none,2024-01-10,"37.886623, -122.15558200000001",6.8,CUST-7957,1486.25,27.79,1954.29
MTR-0008,2025-07-13 02:00:00,10.81,4128.6,2.56,0.35,42.95,44.62,0.75,55.7,1975.7,7.54,279,0,P-00008,200,Steel,13,"37.88273, -122.195808",Partial,41.1,ON,26.87,none,2023-11-19,"37.813705, -122.11377900000001",3.2,CUST-1766,2489.5,90.68,1261.76
MTR-0007,2025-07-13 03:00:00,16.73,1286.2,4.4,1.93,45.38,41.35,0.27,61.8,1260.1,0.36,282,0,P-00009,250,Copper,44,"37.841918, -122.18318000000001",Closed,49.0,ON,51.38,none,2024-08-09,"37.881609, -122.101609",9.3,CUST-3681,1336.47,112.0,1471.13
MTR-0001,2025-07-13 04:00:00,7.64,5938.4,2.34,1.54,52.84,42.55,0.54,57.0,2671.0,3.95,39,0,P-00000,250,PVC,24,"37.887933, -122.144296",Partial,41.5,ON,10.03,none,2023-08-26,"37.890974, -122.114821",9.2,CUST-8710,1379.87,47.07,2865.01
MTR-0000,2025-07-13 05:00:00,15.77,5809.8,2.73,0.4,37.28,36.7,0.73,61.4,1740.8,9.31,188,0,P-00001,200,Ductile Iron,30,"37.823138, -122.14975700000001",Partial,2.4,OFF,25.39,none,2022-11-18,"37.805257, -122.189558",2.6,CUST-8482,1921.42,57.05,2719.01
MTR-0006,2025-07-13 06:00:00,6.45,4203.9,3.94,1.61,51.58,39.09,0.11,57.4,1749.6,1.26,163,0,P-00002,150,PVC,31,"37.873149, -122.10418800000001",Partial,33.5,ON,22.06,none,2022-11-26,"37.856898, -122.14685200000001",10.7,CUST-6086,1572.56,76.89,2419.57
MTR-0006,2025-07-13 07:00:00,10.69,9048.0,2.64,1.96,47.2,39.23,0.69,53.7,1948.0,7.37,23,0,P-00003,200,PVC,25,"37.822045, -122.111382",Partial,17.7,ON,21.68,leak,2024-01-21,"37.845796, -122.160321",4.0,CUST-8964,1494.93,108.17,1964.45
MTR-0007,2025-07-13 08:00:00,8.98,2158.7,1.24,0.97,40.56,43.22,0.09,62.4,1888.3,9.75,23,0,P-00004,200,Copper,22,"37.89343, -122.10835800000001",Open,9.8,OFF,13.41,none,2025-04-12,"37.843121, -122.14307000000001",11.8,CUST-3665,2290.48,114.19,2040.65
MTR-0004,2025-07-13 09:00:00,7.55,3970.9,1.7,-1.74,38.18,35.01,0.97,58.8,2989.7,0.52,3,0,P-00005,250,Copper,17,"37.863541, -122.137018",Open,95.7,OFF,19.36,none,2023-09-20,"37.800208, -122.173929",5.2,CUST-4513,2301.94,93.96,2950.49
MTR-0002,2025-07-13 10:00:00,12.1,3894.2,1.74,-0.39,41.64,38.01,0.49,61.4,2090.8,6.82,289,0,P-00006,200,Copper,20,"37.840321, -122.12476000000001",Closed,59.9,ON,37.78,blockage,2024-10-31,"37.851828, -122.127778",3.0,CUST-1495,2649.03,28.66,2931.54
MTR-0007,2025-07-13 11:00:00,11.8,1830.6,2.09,1.35,33.58,44.81,0.15,57.9,1176.4,4.68,180,0,P-00007,150,Steel,13,"37.853129, -122.132256",Closed,72.9,OFF,24.57,none,2025-03-01,"37.817416, -122.145312",4.9,CUST-6822,1835.42,86.92,1430.54
MTR-0005,2025-07-13 12:00:00,8.56,5330.3,2.21,-1.08,42.55,39.75,0.34,53.4,2213.8,5.79,247,1,P-00008,200,Steel,16,"37.842846, -122.12685",Closed,31.5,ON,30.87,burst,2023-05-04,"37.871446, -122.15553700000001",5.8,CUST-3072,1146.17,61.03,2622.21
MTR-0002,2025-07-13 13:00:00,3.72,7190.1,3.7,1.32,48.11,38.83,0.41,65.4,1303.2,0.85,115,0,P-00009,150,PVC,48,"37.882447, -122.185356",Partial,39.3,ON,28.84,none,2023-02-04,"37.802708, -122.155073",1.8,CUST-8795,1547.33,67.07,1394.49
MTR-0000,2025-07-13 14:00:00,8.74,5604.9,1.9,-1.52,42.62,36.2,0.76,63.7,1061.9,0.43,278,0,P-00000,150,Copper,42,"37.883293, -122.14597",Partial,23.7,ON,53.8,none,2024-04-15,"37.829644, -122.107035",7.4,CUST-9529,2960.01,24.91,1427.07
MTR-0002,2025-07-13 15:00:00,10.42,2412.8,2.37,-1.81,51.94,44.74,0.74,57.2,2941.5,6.67,68,0,P-00001,250,PVC,23,"37.884467, -122.15687",Open,9.7,OFF,55.26,none,2024-10-02,"37.812461, -122.134752",7.6,CUST-4949,2192.52,39.11,2352.19
MTR-0004,2025-07-13 16:00:00,10.01,4395.6,3.0,-0.46,53.3,35.2,0.61,60.3,2547.1,8.23,253,1,P-00002,100,Ductile Iron,11,"37.837904, -122.10849400000001",Open,17.9,ON,34.65,none,2024-04-11,"37.805272, -122.155383",9.1,CUST-7033,2419.47,99.05,1810.0
MTR-0002,2025-07-13 17:00:00,12.27,1023.4,2.01,-1.85,51.38,42.37,0.11,65.2,2960.2,7.82,180,0,P-00003,100,Ductile Iron,39,"37.825117, -122.115579",Closed,79.8,OFF,26.51,none,2024-04-06,"37.855398, -122.17020500000001",1.3,CUST-9328,1014.72,65.4,2863.09
MTR-0000,2025-07-13 18:00:00,15.8,8814.7,3.85,1.83,46.15,42.69,0.15,57.7,1955.8,5.44,168,0,P-00004,250,Copper,22,"37.848402, -122.14859",Open,67.8,OFF,15.34,none,2024-11-19,"37.845508, -122.183645",7.0,CUST-3555,2036.41,50.17,1178.02
MTR-0004,2025-07-13 19:00:00,11.24,1760.7,2.85,1.3,33.38,37.44,0.09,58.5,2064.5,1.0,248,0,P-00005,200,Copper,20,"37.830847, -122.142696",Open,54.7,ON,57.67,none,2025-05-17,"37.830412, -122.137889",1.6,CUST-7370,1075.06,58.4,2023.05
MTR-0009,2025-07-13 20:00:00,11.7,6375.5,1.68,1.2,41.48,41.72,0.58,61.2,1336.7,6.88,187,0,P-00006,250,Ductile Iron,43,"37.832521, -122.196073",Open,47.5,OFF,13.01,none,2023-08-02,"37.83018, -122.110026",8.7,CUST-5415,2138.46,105.44,2837.04
MTR-0006,2025-07-13 21:00:00,10.44,9876.3,3.36,0.52,44.29,35.93,0.88,57.7,1493.8,2.42,53,0,P-00007,150,Copper,8,"37.8272, -122.19936200000001",Open,92.2,OFF,24.88,none,2024-07-13,"37.862841, -122.156135",1.6,CUST-6959,2841.54,94.9,2808.23
MTR-0006,2025-07-13 22:00:00,13.52,5829.3,2.61,-1.13,40.53,37.57,0.43,64.3,2677.1,9.11,137,0,P-00008,100,Steel,29,"37.897835, -122.103425",Open,7.3,OFF,24.9,none,2023-11-04,"37.803876, -122.150045",11.0,CUST-6993,2936.84,47.23,1313.06
MTR-0008,2025-07-13 23:00:00,11.59,9316.4,2.64,0.07,44.3,42.88,0.16,59.2,1712.4,8.38,167,0,P-00009,250,Steel,36,"37.839516, -122.127163",Closed,28.1,OFF,26.02,none,2023-09-25,"37.876478, -122.173444",8.7,CUST-6021,2081.11,31.75,1733.28
MTR-0009,2025-07-13 00:00:00,12.25,3125.0,2.42,0.39,53.05,43.65,0.56,56.1,2653.6,7.09,102,0,P-00000,200,Copper,44,"37.834581, -122.132891",Closed,35.0,OFF,18.21,none,2025-04-06,"37.880677, -122.174819",6.6,CUST-3907,1916.41,45.2,2238.24
MTR-0009,2025-07-13 01:00:00,15.43,7839.6,2.49,0.1,36.77,41.08,0.81,63.0,2418.0,9.49,84,1,P-00001,250,Ductile Iron,17,"37.880543, -122.105324",Open,78.2,ON,49.16,blockage,2023-01-30,"37.882375, -122.191473",5.9,CUST-3914,2890.03,112.08,1318.79
MTR-0002,2025-07-13 02:00:00,10.68,5781.4,3.56,-0.96,54.06,40.07,0.74,54.3,1354.3,0.31,211,0,P-00002,100,PVC,49,"37.840021, -122.12167000000001",Closed,99.3,OFF,16.12,none,2023-05-30,"37.886618, -122.150081",2.4,CUST-4870,2347.22,78.16,2936.04
MTR-0006,2025-07-13 03:00:00,9.19,7484.6,0.91,0.06,49.42,36.59,0.88,70.1,2014.9,7.36,2,0,P-00003,250,Copper,21,"37.826593, -122.100967",Partial,24.1,ON,41.75,burst,2024-01-18,"37.829654, -122.173489",4.2,CUST-6085,1129.8,73.35,2829.5
MTR-0000,2025-07-13 04:00:00,11.34,1561.1,1.84,-0.04,46.34,35.63,0.28,67.9,2354.8,3.3,178,0,P-00004,250,Copper,41,"37.802577, -122.139647",Open,87.4,ON,16.19,none,2024-12-29,"37.843201, -122.100095",10.6,CUST-7546,1931.45,79.64,1333.9
MTR-0003,2025-07-13 05:00:00,13.41,2329.7,0.8,1.99,41.43,36.18,0.19,62.6,1470.1,9.06,37,0,P-00005,100,PVC,10,"37.865951, -122.131195",Partial,83.1,ON,13.53,none,2023-02-01,"37.822033, -122.189678",10.9,CUST-1395,1480.49,56.6,1242.31
MTR-0003,2025-07-13 06:00:00,11.5,2198.1,3.51,1.59,40.63,37.27,0.88,62.1,2661.4,2.67,238,0,P-00006,150,Copper,23,"37.812039, -122.106147",Closed,22.5,ON,55.47,none,2023-06-15,"37.858504, -122.151146",1.0,CUST-1938,1939.61,100.71,1170.82
MTR-0004,2025-07-13 07:00:00,13.18,7184.5,1.59,-0.15,36.87,38.42,0.66,61.9,2089.7,7.25,168,0,P-00007,150,PVC,17,"37.818118, -122.137725",Closed,39.9,ON,19.51,none,2023-04-21,"37.85242, -122.133306",7.5,CUST-3510,1910.93,72.33,2818.89
MTR-0006,2025-07-13 08:00:00,7.99,8600.0,4.09,0.49,53.58,38.81,0.31,57.6,1330.5,8.78,29,0,P-00008,100,Ductile Iron,30,"37.822268, -122.169278",Partial,41.0,ON,51.06,none,2024-06-11,"37.826714, -122.108934",8.9,CUST-5636,2164.29,31.67,1387.25
MTR-0006,2025-07-13 09:00:00,7.4,7746.5,2.61,0.99,52.69,38.46,0.74,61.5,2166.0,0.42,189,0,P-00009,250,Steel,18,"37.854646, -122.158281",Closed,97.8,OFF,37.23,none,2024-10-06,"37.843567, -122.18709100000001",7.8,CUST-2649,1713.54,32.91,1832.57
MTR-0003,2025-07-13 10:00:00,8.36,1274.2,3.7,-1.86,37.97,37.39,0.82,55.4,2999.4,3.98,24,0,P-00000,100,Ductile Iron,35,"37.816023, -122.182906",Open,18.1,OFF,13.89,none,2023-02-06,"37.87423, -122.13569",1.9,CUST-4690,1328.54,73.69,1897.7
MTR-0006,2025-07-13 11:00:00,6.2,8804.9,4.42,1.58,42.24,40.1,0.61,62.5,1301.0,7.62,111,0,P-00001,150,Steel,8,"37.841814, -122.124272",Partial,79.9,OFF,57.77,none,2023-02-09,"37.831574, -122.137848",3.4,CUST-4435,2007.44,113.66,2198.02
MTR-0002,2025-07-13 12:00:00,10.33,4187.3,3.86,1.44,47.17,43.25,0.69,64.3,2633.5,4.55,205,0,P-00002,200,PVC,43,"37.889796, -122.191587",Open,33.4,ON,22.35,none,2022-11-26,"37.821986, -122.155516",3.8,CUST-4201,2660.41,50.84,1143.47
MTR-0005,2025-07-13 13:00:00,8.71,4574.5,3.97,-0.17,43.5,37.8,0.38,58.1,1414.6,2.67,184,0,P-00003,250,Steel,12,"37.83931, -122.189975",Partial,73.1,OFF,52.98,none,2023-07-29,"37.889941, -122.18664700000001",10.1,CUST-5179,2328.02,106.95,1453.52
MTR-0001,2025-07-13 14:00:00,13.69,1943.8,2.13,-0.44,35.41,44.42,0.54,57.0,2564.8,2.2,46,0,P-00004,150,Ductile Iron,29,"37.801659, -122.13382800000001",Closed,42.0,OFF,18.44,none,2024-12-26,"37.83867, -122.117886",6.1,CUST-9405,1676.74,96.41,2862.98
MTR-0009,2025-07-13 15:00:00,6.13,7636.6,2.71,-0.91,41.71,43.73,0.52,53.9,2469.2,1.32,227,0,P-00005,250,Steel,17,"37.860245, -122.183698",Partial,57.8,OFF,52.7,leak,2023-05-18,"37.896949, -122.154607",6.4,CUST-4237,2871.05,44.78,2816.82
MTR-0008,2025-07-13 16:00:00,14.66,2640.6,1.52,-0.09,54.76,36.62,0.85,67.3,1601.0,8.57,38,1,P-00006,100,PVC,36,"37.823381, -122.197629",Partial,83.3,ON,10.66,none,2022-11-22,"37.8507, -122.14278300000001",11.3,CUST-4862,2824.42,23.63,2562.58
MTR-0004,2025-07-13 17:00:00,7.06,6075.7,1.28,-1.82,42.05,42.86,0.84,57.4,1651.6,5.75,15,0,P-00007,200,Steel,42,"37.883495, -122.102531",Open,80.4,OFF,35.59,none,2025-03-16,"37.893235, -122.11417900000001",8.0,CUST-1058,1418.7,30.18,1038.8
MTR-0005,2025-07-13 18:00:00,6.29,8566.4,2.52,1.41,44.18,40.75,0.83,59.0,2585.0,0.76,21,0,P-00008,100,Copper,42,"37.813546, -122.176852",Closed,86.6,ON,48.47,none,2023-12-01,"37.81706, -122.156324",10.9,CUST-5938,1078.84,92.85,1654.01
MTR-0003,2025-07-13 19:00:00,7.53,1802.8,2.88,-1.86,39.27,40.67,0.01,61.5,1922.9,3.83,212,0,P-00009,200,Ductile Iron,32,"37.886841, -122.107354",Open,6.0,OFF,56.74,none,2024-03-25,"37.8464, -122.12109000000001",6.0,CUST-3971,2482.62,39.97,2255.92
MTR-0009,2025-07-13 20:00:00,15.85,5818.0,1.86,-0.68,47.94,38.91,0.75,61.4,2461.6,3.68,148,0,P-00000,250,Copper,34,"37.841963, -122.19493800000001",Closed,69.2,ON,55.46,none,2024-08-24,"37.860289, -122.134578",2.6,CUST-9314,2655.22,57.13,1550.38
MTR-0006,2025-07-13 21:00:00,9.88,3098.9,2.78,1.73,45.58,40.01,0.76,63.7,1296.0,1.82,240,0,P-00001,250,PVC,7,"37.803939, -122.142605",Open,14.0,ON,50.98,none,2022-12-08,"37.89982, -122.192504",11.2,CUST-4345,2935.73,70.17,2819.17
MTR-0008,2025-07-13 22:00:00,11.59,4086.3,4.05,0.94,41.29,38.97,0.68,58.1,2705.1,4.36,271,0,P-00002,100,Steel,32,"37.83929, -122.197135",Partial,41.6,ON,54.41,none,2025-01-15,"37.822301, -122.15921",6.0,CUST-3486,2779.67,92.55,2267.78
MTR-0006,2025-07-13 23:00:00,9.45,5265.7,2.73,-0.87,38.48,40.4,0.76,54.3,2421.8,3.32,58,0,P-00003,200,Copper,7,"37.858325, -122.19887",Open,54.9,OFF,19.96,none,2025-02-02,"37.834778, -122.197835",3.0,CUST-1561,2201.07,31.32,1143.81
MTR-0000,2025-07-13 00:00:00,9.73,4195.9,3.38,-0.99,52.02,41.28,0.84,53.4,2813.9,3.42,286,0,P-00004,200,Copper,49,"37.878737, -122.169357",Closed,40.3,OFF,24.21,burst,2024-04-07,"37.809178, -122.131905",4.3,CUST-4981,2060.1,60.64,2818.01
MTR-0000,2025-07-13 01:00:00,8.48,6839.4,3.72,-1.98,36.97,41.74,0.47,57.1,1264.7,7.39,201,0,P-00005,250,Steel,38,"37.804026, -122.141165",Closed,52.0,ON,24.45,burst,2025-04-16,"37.887932, -122.148577",1.6,CUST-7261,1055.68,68.51,2915.53
MTR-0008,2025-07-13 02:00:00,10.15,5316.2,4.45,0.78,47.52,40.32,0.5,55.2,2186.0,2.23,31,1,P-00006,100,Steel,20,"37.839768, -122.10262",Partial,99.7,OFF,28.85,none,2022-10-19,"37.853919, -122.174491",6.2,CUST-2737,1493.31,74.08,1155.42
MTR-0008,2025-07-13 03:00:00,11.48,6257.8,2.91,-1.8,34.23,42.21,0.12,58.5,2198.2,6.42,161,0,P-00007,200,Ductile Iron,26,"37.85442, -122.172476",Closed,13.5,ON,29.67,none,2023-03-01,"37.876788, -122.124821",10.4,CUST-4554,1919.23,101.84,2064.72
MTR-0003,2025-07-13 04:00:00,15.03,7631.4,3.73,0.13,48.54,36.41,0.39,66.5,1706.9,5.71,254,0,P-00008,250,Copper,36,"37.870944, -122.17285100000001",Open,67.5,ON,37.23,none,2024-11-27,"37.858837, -122.178734",11.3,CUST-8095,2257.01,37.17,1606.73
MTR-0008,2025-07-13 05:00:00,4.38,6019.7,4.35,1.85,49.85,37.12,0.64,58.1,1916.9,5.68,253,0,P-00009,150,Copper,42,"37.890424, -122.16252800000001",Partial,39.6,OFF,17.99,none,2024-11-11,"37.809702, -122.19357600000001",11.3,CUST-9266,2114.5,100.78,1785.68
MTR-0002,2025-07-13 06:00:00,14.83,6278.8,4.28,-1.56,50.47,43.19,0.78,58.1,1076.0,6.63,8,0,P-00000,100,PVC,12,"37.854987, -122.19494300000001",Closed,13.3,OFF,44.56,none,2022-12-29,"37.85927, -122.117496",2.4,CUST-1294,2485.27,89.29,1359.3
MTR-0006,2025-07-13 07:00:00,11.58,6080.1,1.06,1.58,44.19,38.23,0.22,59.9,2491.7,5.48,138,0,P-00001,150,Ductile Iron,12,"37.842612, -122.116764",Closed,15.9,OFF,18.38,none,2023-12-01,"37.885833, -122.153638",5.2,CUST-9212,1559.53,75.59,2156.14
MTR-0005,2025-07-13 08:00:00,8.9,4409.0,2.13,1.97,52.92,35.23,0.14,58.0,2098.6,8.79,9,0,P-00002,100,PVC,10,"37.880565, -122.17756800000001",Open,94.9,ON,25.52,burst,2024-02-28,"37.878427, -122.105312",1.3,CUST-6330,2129.91,89.95,2915.96
MTR-0007,2025-07-13 09:00:00,8.36,4037.0,1.8,-1.75,56.54,36.54,0.66,59.7,1115.5,6.76,213,0,P-00003,250,Copper,18,"37.822608, -122.118269",Open,88.0,ON,35.17,none,2023-06-01,"37.827517, -122.16020400000001",10.4,CUST-5655,1176.28,61.2,2006.15
MTR-0008,2025-07-13 10:00:00,13.13,9096.8,0.85,1.53,43.39,37.24,0.0,62.7,2361.5,5.47,272,0,P-00004,200,PVC,36,"37.89304, -122.190464",Partial,90.7,OFF,49.82,none,2024-10-10,"37.893148, -122.166177",4.9,CUST-2109,1827.33,33.84,1165.83
MTR-0004,2025-07-13 11:00:00,10.69,6468.0,3.03,0.06,42.74,44.57,0.18,64.4,1933.6,8.3,47,0,P-00005,200,Copper,39,"37.845006, -122.166255",Closed,99.2,ON,46.97,none,2024-05-28,"37.891388, -122.101896",7.9,CUST-4771,2500.32,86.58,2240.0
MTR-0000,2025-07-13 12:00:00,5.4,3199.2,3.44,1.63,45.75,40.73,0.03,65.0,1068.9,6.06,110,0,P-00006,200,Copper,14,"37.887069, -122.191648",Open,20.8,OFF,42.28,none,2024-10-18,"37.866181, -122.118311",8.9,CUST-9563,2386.8,72.47,1680.45
MTR-0002,2025-07-13 13:00:00,11.09,5484.2,3.89,0.29,42.61,44.33,0.17,70.3,2939.2,2.91,152,0,P-00007,100,PVC,7,"37.821113, -122.124753",Partial,35.5,ON,17.79,none,2022-11-30,"37.874955, -122.130047",5.7,CUST-7123,2981.29,83.94,2711.85
MTR-0009,2025-07-13 14:00:00,13.43,3973.1,0.99,0.65,41.88,40.75,0.18,62.8,2898.2,2.07,122,0,P-00008,250,PVC,16,"37.805129, -122.150746",Closed,66.9,OFF,37.35,blockage,2024-06-12,"37.830693, -122.194291",4.4,CUST-8647,1555.78,53.8,1869.36
MTR-0007,2025-07-13 15:00:00,12.57,9403.2,4.01,0.18,42.32,39.79,0.39,71.2,2025.8,1.52,101,0,P-00009,150,Steel,35,"37.844211, -122.16656",Closed,48.4,OFF,14.37,none,2024-12-28,"37.834305, -122.133306",11.6,CUST-2174,1996.38,110.69,1385.68
MTR-0005,2025-07-13 16:00:00,8.12,1067.8,3.07,1.46,53.58,38.14,0.4,56.1,1187.3,8.99,240,0,P-00000,250,Steel,33,"37.839457, -122.147006",Partial,41.8,ON,28.87,none,2023-12-02,"37.810253, -122.198808",11.6,CUST-2164,1659.06,78.74,1382.21
MTR-0007,2025-07-13 17:00:00,5.97,3028.0,3.32,0.94,48.86,41.06,0.87,70.5,2509.2,7.1,190,0,P-00001,150,Steel,9,"37.816137, -122.14280000000001",Partial,35.8,OFF,30.68,none,2025-04-24,"37.813969, -122.128426",4.2,CUST-9712,1881.21,28.54,2537.53
MTR-0008,2025-07-13 18:00:00,9.02,4288.2,4.14,0.09,42.6,36.39,0.51,58.1,1983.9,9.37,216,0,P-00002,100,Copper,29,"37.880543, -122.12398400000001",Open,59.4,OFF,11.99,none,2023-03-26,"37.897279, -122.10169400000001",6.3,CUST-5466,2713.9,64.98,1531.18
MTR-0003,2025-07-13 19:00:00,19.76,5390.3,3.0,1.47,32.72,43.98,0.72,58.6,1604.9,6.03,50,0,P-00003,100,PVC,45,"37.81539, -122.185075",Closed,57.6,ON,23.7,none,2023-10-13,"37.849398, -122.113065",11.7,CUST-6538,2368.42,95.64,2534.47
MTR-0000,2025-07-13 20:00:00,5.37,8657.4,1.84,-1.02,37.28,43.29,0.1,59.4,1982.8,4.73,291,0,P-00004,150,Ductile Iron,35,"37.826817, -122.163893",Closed,16.1,OFF,57.78,none,2022-11-06,"37.873683, -122.149896",1.1,CUST-8111,2764.88,99.41,1411.77
MTR-0000,2025-07-13 21:00:00,7.47,1791.0,3.8,-1.37,47.52,38.18,0.23,58.9,2044.9,0.6,80,0,P-00005,150,Copper,25,"37.840846, -122.13203",Closed,47.2,ON,57.68,none,2023-06-17,"37.857276, -122.186277",5.5,CUST-9434,1407.02,69.46,1643.37
MTR-0009,2025-07-13 22:00:00,11.18,8252.8,1.95,-1.36,34.39,44.53,0.7,60.4,2125.4,6.72,87,0,P-00006,150,Ductile Iron,24,"37.805668, -122.196533",Partial,55.3,OFF,27.62,leak,2023-07-26,"37.893766, -122.164807",2.1,CUST-3800,2746.72,109.47,1930.97
MTR-0003,2025-07-13 23:00:00,9.63,1500.9,0.64,-0.66,46.46,43.25,0.05,57.1,1882.4,5.82,193,0,P-00007,250,PVC,43,"37.839191, -122.130284",Open,57.0,ON,12.16,none,2024-05-30,"37.844615, -122.132834",6.6,CUST-5607,1119.52,46.77,2886.39
MTR-0006,2025-07-13 00:00:00,9.4,8580.8,3.82,-1.05,39.67,41.66,0.49,64.1,2211.5,9.9,103,0,P-00008,150,Copper,26,"37.819344, -122.13585",Closed,21.0,OFF,18.95,none,2024-02-26,"37.83339, -122.174574",1.3,CUST-8262,2777.2,61.06,2863.46
MTR-0001,2025-07-13 01:00:00,16.07,1464.7,1.88,1.72,45.46,36.22,0.6,57.2,2837.5,2.39,270,0,P-00009,100,Ductile Iron,8,"37.825983, -122.111391",Partial,74.2,OFF,29.61,none,2025-03-26,"37.863105, -122.197502",5.5,CUST-2541,1658.15,109.86,1413.74
MTR-0002,2025-07-13 02:00:00,7.44,1164.2,3.6,-1.58,45.32,39.78,0.6,63.3,1724.5,5.31,95,0,P-00000,100,Ductile Iron,17,"37.889569, -122.170271",Closed,2.5,OFF,57.39,none,2023-07-18,"37.872073, -122.148598",3.4,CUST-3765,1629.18,109.63,1716.44
MTR-0000,2025-07-13 03:00:00,9.96,7272.7,1.95,0.8,45.6,40.06,0.02,67.6,2451.4,6.51,197,1,P-00001,200,Steel,49,"37.822999, -122.15887000000001",Open,35.5,OFF,17.06,none,2024-06-12,"37.860575, -122.136812",6.9,CUST-5491,2024.18,88.57,1298.8
MTR-0004,2025-07-13 04:00:00,10.61,9975.3,3.94,-1.24,43.03,37.33,0.32,58.2,2788.9,6.45,0,1,P-00002,150,Steel,46,"37.824053, -122.132762",Closed,78.0,ON,48.18,none,2024-03-10,"37.852705, -122.14174700000001",12.0,CUST-4083,2881.38,105.9,2019.97
MTR-0000,2025-07-13 05:00:00,7.59,9069.5,1.38,1.53,42.86,35.8,0.64,64.0,1912.0,5.61,166,0,P-00003,250,Steel,24,"37.882606, -122.13269100000001",Open,56.4,ON,15.43,none,2022-12-16,"37.868379, -122.124688",9.8,CUST-6356,1095.56,28.88,1921.17
MTR-0007,2025-07-13 06:00:00,5.68,6184.0,4.4,1.85,41.4,42.77,0.15,62.8,1886.9,7.77,125,0,P-00004,250,Copper,17,"37.882435, -122.160301",Open,26.1,ON,59.06,none,2023-12-23,"37.872745, -122.113038",10.3,CUST-2857,1704.46,106.5,2801.52
MTR-0000,2025-07-13 07:00:00,10.81,9256.6,3.62,-0.14,47.42,36.22,0.7,71.3,2204.2,2.05,80,0,P-00005,250,PVC,21,"37.815632, -122.126205",Closed,69.5,ON,29.08,none,2024-03-19,"37.818944, -122.159885",8.0,CUST-1769,2713.14,52.06,2860.01
MTR-0000,2025-07-13 08:00:00,15.44,1047.7,0.96,1.52,49.03,40.94,0.75,57.5,2182.8,7.26,250,1,P-00006,200,PVC,40,"37.836047, -122.132873",Closed,56.7,ON,48.76,leak,2024-03-07,"37.89478, -122.160341",1.5,CUST-2422,1792.11,37.83,1767.13
MTR-0001,2025-07-13 09:00:00,11.21,9775.6,2.76,-1.98,38.91,44.36,0.98,64.0,2613.2,6.2,168,0,P-00007,100,Steel,37,"37.827064, -122.191877",Open,79.6,ON,27.13,none,2022-10-28,"37.812487, -122.14745500000001",3.3,CUST-9598,1398.31,43.94,1983.48
MTR-0001,2025-07-13 10:00:00,10.27,5416.7,4.44,1.28,44.74,43.76,0.21,51.9,1953.0,8.96,72,0,P-00008,250,Steel,5,"37.899258, -122.18438",Partial,73.5,ON,41.38,none,2024-02-22,"37.810949, -122.179715",11.2,CUST-3972,1849.59,61.8,2792.47
MTR-0005,2025-07-13 11:00:00,10.25,7506.1,2.38,-1.09,45.98,37.78,0.83,57.5,2992.2,8.47,140,0,P-00009,100,Steel,19,"37.898842, -122.102272",Open,61.0,OFF,19.6,none,2022-12-01,"37.899832, -122.145864",5.0,CUST-2872,1771.11,45.12,2613.42
MTR-0006,2025-07-13 12:00:00,9.22,8387.8,1.23,1.63,45.92,43.51,0.52,61.8,1118.9,3.15,69,0,P-00000,200,Ductile Iron,17,"37.879382, -122.134058",Closed,48.8,OFF,17.3,leak,2024-04-20,"37.828406, -122.10052300000001",2.1,CUST-6599,2830.83,52.06,1007.31
MTR-0004,2025-07-13 13:00:00,13.55,7466.1,2.44,-2.0,45.83,35.0,0.37,67.0,1006.3,2.76,261,0,P-00001,150,Steel,21,"37.857781, -122.11339000000001",Closed,13.3,OFF,56.9,none,2023-07-08,"37.896656, -122.15592600000001",8.7,CUST-3269,2523.87,33.5,1640.12
MTR-0000,2025-07-13 14:00:00,8.48,5815.3,2.55,0.22,42.99,35.18,0.12,53.9,2280.4,9.82,244,0,P-00002,150,Ductile Iron,28,"37.828944, -122.153232",Partial,26.1,OFF,55.88,none,2024-11-12,"37.82604, -122.11616000000001",4.3,CUST-6275,2010.23,49.62,1843.55
MTR-0000,2025-07-13 15:00:00,5.93,5289.6,3.47,1.03,46.4,41.03,0.74,63.9,1596.9,5.27,2,0,P-00003,150,PVC,12,"37.861939, -122.15888100000001",Open,41.9,ON,54.37,none,2024-06-10,"37.871562, -122.13130600000001",4.0,CUST-5749,2976.74,77.23,1459.43
MTR-0002,2025-07-13 16:00:00,5.26,8547.2,3.3,-0.97,48.09,38.65,0.24,59.7,1480.8,9.06,62,0,P-00004,250,Copper,31,"37.842749, -122.166972",Open,59.9,ON,41.27,none,2023-02-11,"37.889311, -122.131058",12.0,CUST-7571,1930.56,64.19,1399.14
MTR-0001,2025-07-13 17:00:00,10.24,2845.7,2.11,-1.23,45.71,38.86,0.37,52.4,1623.8,1.64,48,0,P-00005,150,Copper,49,"37.856423, -122.114943",Open,51.4,ON,50.41,none,2025-02-20,"37.82838, -122.13061400000001",10.4,CUST-6072,1116.48,54.67,1075.57
MTR-0004,2025-07-13 18:00:00,13.18,9711.9,1.37,-1.66,47.53,40.64,0.06,60.9,1512.1,6.43,75,0,P-00006,250,Copper,27,"37.820153, -122.10655700000001",Closed,28.8,OFF,13.45,none,2023-05-22,"37.830581, -122.124076",5.5,CUST-6463,1524.55,94.65,2286.74
MTR-0009,2025-07-13 19:00:00,10.71,7398.6,3.08,-0.69,49.95,36.92,0.8,68.5,1061.6,8.1,174,0,P-00007,200,Copper,12,"37.868909, -122.117673",Open,0.6,ON,26.74,none,2024-01-28,"37.861975, -122.192259",11.8,CUST-8450,1872.14,109.35,1525.02
MTR-0005,2025-07-13 20:00:00,9.05,2795.6,2.19,0.24,35.75,37.12,0.77,54.4,2943.1,9.47,108,0,P-00008,200,Ductile Iron,12,"37.855619, -122.122048",Partial,49.6,OFF,25.69,none,2023-09-17,"37.851284, -122.16567",8.2,CUST-9420,1313.81,95.68,1104.69
MTR-0006,2025-07-13 21:00:00,11.38,7626.2,1.03,-1.54,49.72,39.85,0.73,59.5,1441.5,3.37,182,0,P-00009,250,Ductile Iron,30,"37.80162, -122.118162",Closed,28.6,ON,41.78,none,2023-03-20,"37.832857, -122.139774",9.2,CUST-4959,2895.13,53.2,1461.96
MTR-0003,2025-07-13 22:00:00,10.56,5768.6,4.1,-0.49,46.71,42.54,0.3,55.1,2468.1,7.25,191,0,P-00000,100,Steel,17,"37.804014, -122.11100900000001",Closed,73.5,ON,27.8,none,2023-11-04,"37.832232, -122.122311",1.3,CUST-2313,2533.7,94.44,2603.83
MTR-0006,2025-07-13 23:00:00,12.48,7365.1,3.26,-1.96,39.44,41.19,0.17,57.7,2525.2,5.39,64,0,P-00001,150,Ductile Iron,43,"37.899196, -122.170593",Open,2.4,ON,17.43,none,2024-08-07,"37.807079, -122.133961",2.3,CUST-8847,1536.57,35.2,2702.98
MTR-0007,2025-07-13 00:00:00,13.98,7910.0,3.23,1.27,49.01,37.97,0.64,67.2,2858.5,0.61,270,0,P-00002,150,Steel,41,"37.821032, -122.123464",Partial,58.5,ON,39.82,none,2024-03-02,"37.880919, -122.132717",8.0,CUST-2070,2181.61,33.03,1966.13
MTR-0000,2025-07-13 01:00:00,7.14,1785.6,3.79,-1.49,43.01,39.3,0.5,58.6,1061.1,6.9,99,0,P-00003,150,Steel,32,"37.825303, -122.113444",Closed,94.1,OFF,50.72,blockage,2023-03-13,"37.849723, -122.104969",10.9,CUST-4285,2442.9,54.56,1832.14
MTR-0005,2025-07-13 02:00:00,2.98,5554.9,2.62,-0.87,43.69,36.71,0.18,67.0,2744.1,6.9,31,0,P-00004,250,Copper,29,"37.810284, -122.187404",Closed,17.4,OFF,29.11,blockage,2023-07-07,"37.829994, -122.198083",7.9,CUST-9949,2882.56,100.77,2955.71
MTR-0007,2025-07-13 03:00:00,8.95,9388.1,3.76,-1.93,42.46,35.75,0.69,65.5,2054.5,9.31,127,0,P-00005,200,Ductile Iron,20,"37.897915, -122.132616",Open,47.2,ON,16.61,leak,2023-02-02,"37.843199, -122.19669900000001",2.5,CUST-4095,2763.27,44.63,1401.13
MTR-0004,2025-07-13 04:00:00,6.94,3885.8,2.49,-0.27,46.51,42.83,0.99,58.2,2265.1,4.97,42,0,P-00006,150,Ductile Iron,6,"37.884689, -122.167567",Open,9.1,OFF,19.83,none,2025-05-01,"37.895394, -122.179008",2.3,CUST-1320,2030.38,26.33,1430.72
MTR-0003,2025-07-13 05:00:00,12.5,6344.9,0.77,1.36,41.07,37.65,0.75,57.5,2288.9,2.3,77,0,P-00007,200,Steel,22,"37.867648, -122.140576",Partial,62.6,ON,21.87,none,2024-04-25,"37.878893, -122.12254300000001",10.3,CUST-3321,2549.31,33.17,1583.73
MTR-0001,2025-07-13 06:00:00,7.83,4323.1,2.12,-0.43,49.51,36.78,0.74,55.5,2639.6,0.45,288,0,P-00008,150,Steel,21,"37.860315, -122.131747",Open,55.1,ON,24.99,none,2023-07-17,"37.821773, -122.137877",2.5,CUST-1555,2124.29,105.87,1345.51
MTR-0005,2025-07-13 07:00:00,4.37,5088.4,2.49,-1.28,44.31,41.92,0.95,55.3,1666.8,4.16,269,0,P-00009,150,PVC,34,"37.857536, -122.157094",Partial,40.7,ON,42.14,none,2023-02-10,"37.804808, -122.151643",6.7,CUST-5939,2105.41,83.38,1758.73
MTR-0005,2025-07-13 08:00:00,8.28,5937.4,3.38,1.01,43.18,41.18,0.2,61.8,2466.1,3.02,161,0,P-00000,250,PVC,43,"37.827592, -122.123142",Closed,52.1,ON,40.05,none,2024-10-11,"37.801465, -122.10788600000001",1.4,CUST-6432,1229.48,45.32,2821.67
MTR-0000,2025-07-13 09:00:00,5.52,5940.3,0.93,1.16,48.76,41.33,0.57,59.9,2057.2,7.61,188,0,P-00001,100,Steel,17,"37.822627, -122.130765",Partial,89.7,OFF,44.8,none,2022-11-08,"37.897609, -122.177772",1.9,CUST-2386,1252.28,75.53,2230.7
MTR-0008,2025-07-13 10:00:00,14.77,2815.6,1.06,-1.3,43.4,37.29,0.98,56.9,2586.8,3.54,246,0,P-00002,250,PVC,36,"37.823333, -122.137467",Partial,19.6,ON,28.13,none,2025-03-22,"37.820811, -122.124628",8.4,CUST-5763,2059.07,72.76,1823.89
MTR-0005,2025-07-13 11:00:00,11.41,7161.1,1.55,1.08,49.74,37.33,0.17,52.3,2981.1,9.49,215,0,P-00003,150,PVC,33,"37.874708, -122.178129",Partial,2.3,ON,51.2,none,2024-11-19,"37.825338, -122.11049200000001",8.6,CUST-7854,1537.72,85.54,2868.82
MTR-0002,2025-07-13 12:00:00,11.94,1790.8,1.57,1.79,49.9,37.21,0.7,60.5,1401.3,9.62,167,0,P-00004,150,Steel,34,"37.805994, -122.186903",Closed,86.2,OFF,20.2,none,2025-01-14,"37.857393, -122.164922",4.8,CUST-8637,1042.07,43.32,1096.93
MTR-0003,2025-07-13 13:00:00,11.61,2249.4,3.43,-1.33,38.33,36.74,0.59,57.7,2989.3,6.21,192,0,P-00005,100,Steel,22,"37.8606, -122.115055",Open,57.7,ON,33.45,burst,2023-08-16,"37.883269, -122.150659",3.4,CUST-5841,2445.68,106.44,1420.55
MTR-0003,2025-07-13 14:00:00,12.52,1024.4,1.5,1.08,50.55,41.56,0.59,59.0,1179.6,9.29,282,0,P-00006,200,Ductile Iron,17,"37.8045, -122.126585",Closed,89.1,OFF,50.05,none,2024-01-03,"37.891163, -122.10719900000001",10.0,CUST-4867,1064.97,50.94,2131.78
MTR-0002,2025-07-13 15:00:00,13.4,2050.3,3.03,0.83,37.69,43.48,0.7,61.5,1004.6,7.61,12,0,P-00007,200,Steel,47,"37.834132, -122.152147",Open,59.7,ON,19.01,none,2024-12-31,"37.816542, -122.199768",3.4,CUST-4793,2190.55,89.41,2231.11
MTR-0009,2025-07-13 16:00:00,8.38,5258.5,2.48,-0.11,50.86,42.24,0.93,47.5,1088.3,5.47,239,0,P-00008,150,Steel,25,"37.892886, -122.166803",Partial,81.0,ON,15.49,burst,2022-12-10,"37.898393, -122.109386",7.0,CUST-8373,2078.39,21.61,1079.12
MTR-0002,2025-07-13 17:00:00,5.74,6454.9,2.79,-1.77,55.14,42.92,0.78,52.3,1683.6,1.8,146,0,P-00009,200,Copper,34,"37.846534, -122.198632",Partial,43.0,ON,54.18,none,2025-01-20,"37.805545, -122.116697",11.7,CUST-3513,2937.63,57.27,1806.08
MTR-0002,2025-07-13 18:00:00,7.46,8148.6,3.85,-1.7,49.37,39.05,0.06,71.5,2265.8,4.59,203,0,P-00000,150,Ductile Iron,25,"37.80816, -122.174141",Partial,75.0,ON,27.15,none,2025-05-08,"37.84578, -122.174104",2.6,CUST-4803,1968.43,55.17,2298.31
MTR-0003,2025-07-13 19:00:00,9.86,1960.3,2.12,1.41,34.22,41.54,0.85,57.5,1138.1,5.61,79,0,P-00001,100,Ductile Iron,21,"37.802785, -122.13686200000001",Partial,91.3,ON,44.19,none,2024-07-16,"37.887875, -122.180333",11.3,CUST-3327,1127.2,74.35,2396.14
MTR-0006,2025-07-13 20:00:00,2.31,8656.5,3.58,1.96,50.32,38.54,0.23,47.4,1011.3,8.64,42,0,P-00002,100,Ductile Iron,44,"37.84264, -122.145185",Partial,57.2,ON,11.27,none,2024-05-07,"37.89473, -122.179438",3.0,CUST-9809,2103.38,27.27,2276.28
MTR-0003,2025-07-13 21:00:00,13.43,7713.8,2.19,0.7,56.23,40.26,0.38,52.8,2874.2,4.81,88,0,P-00003,150,Copper,23,"37.817465, -122.170407",Open,18.1,OFF,44.5,leak,2024-04-26,"37.861368, -122.177691",7.2,CUST-3165,2682.19,99.01,1641.13
MTR-0008,2025-07-13 22:00:00,4.31,4676.7,1.92,-0.22,43.48,39.82,0.46,72.4,2643.9,8.98,147,0,P-00004,100,Steel,19,"37.866382, -122.10347",Open,26.9,ON,25.81,none,2025-04-30,"37.854567, -122.131602",5.1,CUST-4308,2993.7,41.78,1187.04
MTR-0000,2025-07-13 23:00:00,11.8,9396.4,4.33,0.59,44.83,36.77,0.48,56.5,2618.4,6.74,94,0,P-00005,250,Ductile Iron,13,"37.805042, -122.110962",Partial,19.9,OFF,12.79,none,2024-05-08,"37.819023, -122.14791100000001",11.6,CUST-7452,1860.69,87.7,1854.22
MTR-0007,2025-07-13 00:00:00,9.5,9918.4,1.24,0.38,39.06,38.87,0.44,65.8,2768.8,1.37,150,0,P-00006,250,Ductile Iron,14,"37.857688, -122.143608",Closed,24.7,OFF,40.49,none,2024-11-20,"37.846906, -122.192896",4.0,CUST-9067,1640.6,100.32,1257.51
MTR-0006,2025-07-13 01:00:00,10.86,2845.0,0.86,-0.47,46.56,44.64,0.94,60.6,2400.1,9.95,1,1,P-00007,100,PVC,48,"37.850028, -122.193061",Closed,30.6,ON,22.04,none,2025-04-13,"37.881831, -122.166432",5.4,CUST-8642,2813.31,76.19,2895.25
MTR-0001,2025-07-13 02:00:00,8.58,4413.1,3.58,-1.74,51.35,37.49,0.71,57.6,1208.8,5.27,21,0,P-00008,150,Ductile Iron,35,"37.808988, -122.139909",Partial,55.5,OFF,29.34,blockage,2024-04-20,"37.857458, -122.148522",11.8,CUST-7404,1382.48,94.09,1950.34
MTR-0007,2025-07-13 03:00:00,10.65,9338.0,0.77,1.29,48.49,36.34,0.63,63.9,1798.2,3.92,6,0,P-00009,150,Steel,27,"37.834096, -122.108273",Open,58.8,ON,14.03,none,2023-01-28,"37.851326, -122.189278",6.9,CUST-1992,2230.86,86.19,1634.52
MTR-0000,2025-07-13 04:00:00,8.58,7494.4,3.85,-0.51,60.71,39.19,0.05,48.1,2446.3,6.59,205,0,P-00000,100,Steel,34,"37.840659, -122.185672",Closed,42.6,OFF,17.36,none,2024-03-03,"37.842348, -122.154763",6.5,CUST-6424,1811.43,55.55,2532.61
MTR-0008,2025-07-13 05:00:00,8.33,1432.9,2.25,1.28,45.17,42.9,0.9,52.8,1560.7,1.09,113,0,P-00001,200,PVC,37,"37.871472, -122.170665",Closed,61.5,ON,24.9,none,2023-03-17,"37.873364, -122.115998",3.8,CUST-5381,1082.16,100.89,1995.9
MTR-0008,2025-07-13 06:00:00,7.31,8033.6,4.16,-0.99,36.85,40.82,0.91,57.5,2374.8,6.37,271,0,P-00002,250,Ductile Iron,13,"37.852547, -122.130217",Closed,8.2,OFF,14.49,none,2025-05-26,"37.854498, -122.191322",8.7,CUST-4174,1694.58,49.47,1620.07
MTR-0001,2025-07-13 07:00:00,14.58,8451.5,3.39,-2.0,45.85,41.81,0.78,53.3,1049.0,4.98,82,0,P-00003,200,Ductile Iron,5,"37.890026, -122.12078100000001",Partial,8.8,OFF,55.54,burst,2024-06-14,"37.823685, -122.183507",1.2,CUST-5782,1530.46,77.12,2623.94
MTR-0006,2025-07-13 08:00:00,11.1,7754.5,2.94,-1.36,32.92,36.9,0.01,57.1,1612.3,4.07,178,0,P-00004,150,Ductile Iron,48,"37.867636, -122.132037",Closed,17.2,ON,10.3,none,2024-08-18,"37.812462, -122.16341",1.5,CUST-6560,2372.18,94.54,2734.3
MTR-0009,2025-07-13 09:00:00,10.63,8195.8,4.3,-0.13,42.33,41.19,0.06,64.3,2098.3,9.53,209,0,P-00005,150,Copper,39,"37.894592, -122.170418",Closed,51.8,OFF,34.19,none,2025-06-07,"37.822939, -122.17817000000001",7.6,CUST-8460,2897.58,57.9,2346.02
MTR-0002,2025-07-13 10:00:00,7.37,8426.2,2.09,1.78,53.12,38.24,0.23,60.7,2264.2,5.23,123,0,P-00006,200,Ductile Iron,15,"37.800111, -122.172805",Closed,21.4,ON,16.16,none,2023-05-15,"37.805469, -122.198233",4.8,CUST-4078,1536.09,50.28,1093.93
MTR-0006,2025-07-13 11:00:00,9.3,2677.6,4.32,-1.59,46.63,43.34,0.13,66.7,2154.1,2.19,112,0,P-00007,100,Steel,38,"37.821789, -122.13381700000001",Closed,28.3,ON,25.38,none,2024-04-12,"37.810277, -122.18278000000001",11.5,CUST-3983,2622.93,65.93,2132.65
MTR-0009,2025-07-13 12:00:00,7.04,3121.2,1.04,1.42,45.9,41.29,0.4,61.0,2395.5,4.59,11,0,P-00008,200,Steel,20,"37.863371, -122.140654",Open,40.0,ON,56.3,none,2025-02-17,"37.843098, -122.148948",10.9,CUST-8259,1110.72,101.8,2526.59
MTR-0008,2025-07-13 13:00:00,8.53,6703.8,2.44,0.11,54.1,36.99,0.92,65.0,1012.2,9.19,125,0,P-00009,200,Copper,13,"37.801624, -122.127122",Partial,81.2,ON,18.08,leak,2023-11-12,"37.814059, -122.157522",8.9,CUST-7054,2076.24,112.99,1273.01
MTR-0003,2025-07-13 14:00:00,6.37,9170.8,1.58,1.3,43.65,35.65,0.47,59.7,1201.9,1.76,52,0,P-00000,250,Copper,36,"37.832353, -122.133494",Partial,1.4,ON,58.29,none,2024-01-24,"37.834175, -122.181658",10.0,CUST-3523,1141.1,74.51,1457.34
MTR-0000,2025-07-13 15:00:00,14.77,3845.8,2.66,-0.81,51.31,35.43,0.01,57.0,2737.9,2.14,282,0,P-00001,250,Ductile Iron,19,"37.855658, -122.165727",Open,64.9,OFF,20.29,leak,2023-12-16,"37.800684, -122.153298",8.3,CUST-5581,2868.07,86.15,2764.99
MTR-0001,2025-07-13 16:00:00,7.73,6294.8,1.15,1.36,45.65,38.71,0.28,67.4,2363.5,0.13,139,0,P-00002,200,PVC,16,"37.813458, -122.190558",Open,66.9,OFF,47.08,none,2023-07-09,"37.868565, -122.177372",2.4,CUST-6609,2532.7,110.33,1040.24
MTR-0000,2025-07-13 17:00:00,7.37,7146.8,3.87,1.09,46.9,37.66,0.04,56.5,1225.9,0.14,96,0,P-00003,200,Copper,37,"37.883152, -122.10816",Partial,79.9,OFF,37.33,none,2024-07-24,"37.813181, -122.111296",9.4,CUST-3001,2315.9,29.85,2505.45
MTR-0004,2025-07-13 18:00:00,6.02,5067.5,3.89,-1.08,38.91,41.46,0.04,61.7,2684.1,8.29,4,0,P-00004,150,Copper,49,"37.864979, -122.189657",Closed,93.3,ON,54.22,none,2025-04-20,"37.827502, -122.177639",3.3,CUST-2387,2647.79,43.21,1947.55
MTR-0004,2025-07-13 19:00:00,7.69,7424.0,4.32,-1.47,42.59,39.99,0.28,63.8,1484.5,7.32,56,0,P-00005,250,Ductile Iron,18,"37.840203, -122.127106",Closed,2.0,OFF,37.7,none,2023-04-28,"37.88571, -122.118289",4.6,CUST-7552,2295.04,90.89,1893.54
MTR-0006,2025-07-13 20:00:00,8.52,9097.0,1.12,1.47,38.01,37.66,0.28,64.2,1956.5,3.55,68,0,P-00006,250,Ductile Iron,12,"37.877982, -122.18817800000001",Partial,15.4,OFF,36.73,burst,2025-05-03,"37.844835, -122.151076",10.0,CUST-2030,2937.89,102.37,1014.19
MTR-0008,2025-07-13 21:00:00,9.85,6616.9,2.99,1.85,44.52,36.49,0.79,54.2,1290.4,6.98,117,0,P-00007,150,Copper,12,"37.800003, -122.128786",Closed,88.6,OFF,19.77,none,2024-08-21,"37.821775, -122.19217",6.9,CUST-2220,2427.92,105.7,2638.8
MTR-0008,2025-07-13 22:00:00,8.06,5858.0,2.4,-1.87,46.95,36.27,0.97,65.3,2420.2,3.95,58,0,P-00008,100,PVC,31,"37.83566, -122.174552",Open,45.9,OFF,18.31,none,2024-10-26,"37.857343, -122.190166",10.5,CUST-7035,2849.32,61.51,1719.65
MTR-0002,2025-07-13 23:00:00,5.2,4948.7,1.88,0.93,39.45,43.65,0.37,55.1,2333.7,9.53,32,0,P-00009,250,Copper,16,"37.80129, -122.14597",Closed,56.5,OFF,55.82,none,2024-03-18,"37.844927, -122.10595",3.3,CUST-7523,2034.26,28.93,2081.53
